[{"@type":"connection","id":"@1","name":"SAP_Salesforce","description":"SAP Salesforce","runtimeEnvironmentId":"@9tRjSpaCwjtge0qPAHTkcc","instanceDisplayName":"Salesforce","serviceUrl":"https://login.salesforce.com/services/Soap/u/40.0","shortDescription":"SAP Salesforce","type":"Salesforce","port":0,"password":"********","username":"emea-sfdc@informatica.com","securityToken":"*************************","majorUpdateTime":"2019-06-24T07:50:22.000Z","timeout":60,"connParams":{"agentId":"0100HB08000000000003","USE_PROXY":"false","agentGroupId":"0100HB25000000000003","orgId":"0100HB"},"internal":false,"federatedId":"23jIHaBPfyPdbVk9VoZ1yK","retryNetworkError":false}]