[{"@type":"connection","id":"@1","name":"Sap_TableConnector","runtimeEnvironmentId":"@9tRjSpaCwjtge0qPAHTkcc","instanceName":"SAPTableConnector","instanceDisplayName":"SAPTableConnector","type":"TOOLKIT","port":0,"majorUpdateTime":"2019-06-18T04:18:45.000Z","timeout":60,"connParams":{"Destination":"IICS_A","Test Streaming":"false","agentId":"0100HB08000000000003","agentGroupId":"0100HB25000000000003","Keystore Password":"********","Private Key Password":"********","Https Connection":"false","orgId":"0100HB","mode":"UPDATE","Language":"EN","Username":"Demouser","Client":"800","Saprfc Ini Path":"/apps/infa/iics/apps/Data_Integration_Server/ext/deploy_to_main/bin/rdtm","Password":"********"},"internal":false,"federatedId":"4C4i388RdQ9frN9MV3dVks","retryNetworkError":false}]